id,category,scope,quantity,unit,final_size,alpha_or_channels,variants,first_batch_quantity,chapters,proposed_path,production_method,generation_brief,status
C01,ART_2D,LEARNING_SHARED,20,frame,64x96,RGBA,4 directions x idle1+walk4,1,C01-C13,assets/ember/characters/robot/robot_animations_v001.png,AI_ASSISTED_PIXEL_FINISH,维修机器人四向待机和移动；主体40x64；脚底32/80；保持同一造型,NATIVE_ANIMATION_20_OF_20_GODOT_VERIFIED
C02,ART_OPTIONAL,OPTIONAL,8,frame,64x96,RGBA,4 directions x collect2,0,C09-C11,assets/ember/characters/robot/,AI_ASSISTED_PIXEL_FINISH,每方向两帧轻微采集动作；复用C01造型和锚点,PLANNED
T01,ART_2D,LEARNING_SHARED,4,tile,128x128,RGBA,clean|worn|grate|wet,4,C01-C13,assets/ember/environment/tilesets_v007/ground_details_v007.png,AI_WHOLE_ART_WITH_REGISTERED_PORTS,低对比工业地板四种；自身平铺和类型之间接缝均校正,V007_STYLE_UNIFIED_TECH_VERIFIED_PENDING_USER_REVIEW
T02,ART_2D,LEARNING_SHARED,13,tile,128x128,RGBA,center1|edges4|outer_corners4|inner_corners4,0,C02-C13,assets/ember/environment/tilesets_v007/structures_v007.png,AI_WHOLE_ART_WITH_REGISTERED_PORTS,墙顶与边缘连接模块；十三片为基础连接预算；同一高度和接缝,V007_STYLE_UNIFIED_TECH_VERIFIED_PENDING_USER_REVIEW
T03,ART_2D,LEARNING_SHARED,8,tile,128x128,RGBA,straight_h|straight_v|corners4|end_caps2,0,C02-C13,assets/ember/environment/tilesets_v007/structures_v007.png,AI_WHOLE_ART_WITH_REGISTERED_PORTS,薄工业栏杆；转角和收尾一致；端头可旋转复用,V007_STYLE_UNIFIED_TECH_VERIFIED_PENDING_USER_REVIEW
T04,ART_2D,LEARNING_SHARED,12,tile,128x128,RGBA,straight2|elbows4|tees4|cross1|valve1,0,C02-C13,assets/ember/environment/tilesets_v007/utilities_v007.png,AI_WHOLE_ART_WITH_REGISTERED_PORTS,统一管径与连接位置；管内能量动态由Shader绘制,V007_STYLE_UNIFIED_TECH_VERIFIED_PENDING_USER_REVIEW
T05,ART_2D,LEARNING_SHARED,12,tile,128x128,RGBA,edges4|outer_corners4|inner_corners4,0,C02-C13;E-Water,assets/ember/environment/tilesets_v007/utilities_v007.png,AI_WHOLE_ART_WITH_REGISTERED_PORTS,工业水渠岸线；与水面和地板对齐；水岸边界明确,V007_STYLE_UNIFIED_TECH_VERIFIED_PENDING_USER_REVIEW
T06,ART_2D,LEARNING_SHARED,5,tile,128x128,RGBA,deck_h|deck_v|edge_h|edge_v|end_cap,0,C02-C13;E-Water,assets/ember/environment/tilesets_v007/structures_v007.png,AI_WHOLE_ART_WITH_REGISTERED_PORTS,桥面两方向与边缘收尾；连接片按接口旋转使用并校正明暗,V007_STYLE_UNIFIED_TECH_VERIFIED_PENDING_USER_REVIEW
T07,ART_2D,LEARNING_SHARED,2,tile,128x128,RGBA,hatch_closed|hatch_open,0,C09-C13,assets/ember/environment/tilesets_v007/ground_details_v007.png,AI_WHOLE_ART_WITH_REGISTERED_PORTS,检修口开关两态；固定安装边框；排水后的通路复用地板,V007_STYLE_UNIFIED_TECH_VERIFIED_PENDING_USER_REVIEW
T08,ART_2D,COMMERCIAL_RESERVE,6,decal,128x128,RGBA,crack|rust|bolts|oil|cable_loop|debris,0,C09-C13,assets/ember/environment/tilesets_v007/ground_details_v007.png,AI_WHOLE_ART_WITH_REGISTERED_PORTS,轻微维护痕迹；低对比；不造成假障碍或危险提示,V007_STYLE_UNIFIED_TECH_VERIFIED_PENDING_USER_REVIEW
B01,ART_2D,LEARNING_SHARED,1,object,128x160,RGBA,station_base,1,C01-C13,assets/ember/buildings/station/station_base_v001.png,AI_ASSISTED_PIXEL_FINISH,方形基座圆筒核心与能量窗口；静态中性底图；不含圈或火焰,NATIVE_PNG_COMPLETE_ART_REVIEWED
B02,ART_2D,LEARNING_SHARED,1,object,96x96,RGBA,console_base,0,C02-C13,assets/ember/buildings/console/,AI_ASSISTED_PIXEL_FINISH,统一工业操作台；独立可变色面板；不画文字和发光,NATIVE_PNG_RESOURCES_GODOT_VERIFIED
B03,ART_2D,LEARNING_SHARED,1,object,160x192,RGBA,pump_base,0,C02-C13;E-Water,assets/ember/buildings/pump/,AI_ASSISTED_PIXEL_FINISH,排水泵壳与进出水接口清楚；运行水流与灯独立,NATIVE_PNG_RESOURCES_GODOT_VERIFIED
B04,ART_2D,LEARNING_SHARED,1,object,160x192,RGBA,ventilator_base,0,C05-C13;E-Fire,assets/ember/buildings/ventilator/,AI_ASSISTED_PIXEL_FINISH,排热装置与清楚出烟口；可动扇叶另分源文件图层；无烟火底图,NATIVE_PNG_RESOURCES_GODOT_VERIFIED
B05,ART_2D,LEARNING_SHARED,1,object,160x192,RGBA,cooler_base,0,C06-C13;E-Water,assets/ember/buildings/cooler/,AI_ASSISTED_PIXEL_FINISH,换热管与冷却核心形成识别结构；同套底座与接头,NATIVE_PNG_RESOURCES_GODOT_VERIFIED
B06,ART_2D,COMMERCIAL_RESERVE,1,object,192x256,RGBA,relay_base,0,C09-C13,assets/ember/buildings/relay/,AI_ASSISTED_PIXEL_FINISH,通信天线和中继核心；顶部遮挡可拆层；能量窗口不烘焙特效,NATIVE_PNG_RESOURCES_GODOT_VERIFIED
B07,ART_2D,LEARNING_SHARED,2,object,64x64,RGBA,wall_lamp|floor_lamp,0,C03-C13,assets/ember/buildings/lights/,AI_ASSISTED_PIXEL_FINISH,壁灯和地灯两种安装方式；灯罩与发光窗口清楚；无光晕,NATIVE_PNG_RESOURCES_GODOT_VERIFIED
B08,ART_2D,LEARNING_SHARED,2,object,96x128,RGBA,door_closed|door_open,0,C08-C13,assets/ember/buildings/door/,AI_ASSISTED_PIXEL_FINISH,相同门框和安装点的开关两态；记录前景遮挡层,NATIVE_PNG_RESOURCES_GODOT_VERIFIED
B09,ART_2D,LEARNING_SHARED,1,object,128x160,RGBA,telepad_base,0,C08-C13,assets/ember/buildings/telepad/,AI_ASSISTED_PIXEL_FINISH,可步入的传送底座；中心锚点固定；不画护盾和传送光柱,NATIVE_PNG_RESOURCES_GODOT_VERIFIED
B10,ART_2D,LEARNING_SHARED,2,object,96x96,RGBA,terminal_body|screen_frame,0,C02-C13,assets/ember/buildings/terminal/,AI_ASSISTED_PIXEL_FINISH,实体终端与可拉伸屏幕边框；屏幕内容来自真实场景；不画CRT故障,NATIVE_PNG_RESOURCES_GODOT_VERIFIED
B11,ART_2D,LEARNING_SHARED,3,object,64x64,RGBA,fuse|antenna_coil|split_ring,0,C02-C12,assets/ember/props/calibration/,AI_ASSISTED_PIXEL_FINISH,三种可辨方向及孔洞的检修目标；支持旋转缩放观察和描边,NATIVE_PNG_RESOURCES_GODOT_VERIFIED
B12,ART_2D,COMMERCIAL_RESERVE,3,object,64x64,RGBA,log_cartridge|toolbox|helmet,0,C07-C13,assets/ember/props/story/,AI_ASSISTED_PIXEL_FINISH,维修记录载体和现场叙事物；十条记录复用三种外形；正文由UI显示,NATIVE_PNG_RESOURCES_GODOT_VERIFIED
U01,ART_2D,LEARNING_SHARED,6,icon,32x32,RGBA,hp|energy|time|interact|log|pause,0,C10-C13,assets/ember/ui/icons/,AI_ASSISTED_PIXEL_FINISH,六枚清晰单义HUD图标；主体约24x24；无文字,NATIVE_PNG_RESOURCES_GODOT_VERIFIED
U02,ART_2D,COMMERCIAL_RESERVE,6,icon,32x32,RGBA,lighting|drainage|water_supply|ventilation|cooling|communication,0,C09-C13,assets/ember/ui/tasks/,AI_ASSISTED_PIXEL_FINISH,六项维修任务图标；复用对应设备识别结构；同一线宽和留白,NATIVE_PNG_RESOURCES_GODOT_VERIFIED
U03,ART_2D,LEARNING_SHARED,2,icon,32x32,RGBA,teleport|protection,0,C08-C13,assets/ember/ui/tasks/,AI_ASSISTED_PIXEL_FINISH,传送和保护窗口图标；不增加技能树或独立人物皮肤,NATIVE_PNG_RESOURCES_GODOT_VERIFIED
U04,ART_2D,LEARNING_SHARED,1,panel,96x96,RGBA,panel_9slice,0,C10-C13,assets/ember/ui/panels/,AI_ASSISTED_PIXEL_FINISH,统一九宫格面板；边距8；按钮状态用UI色调表达,NATIVE_PNG_RESOURCES_GODOT_VERIFIED
V01,ART_2D,LEARNING_SHARED,2,texture,64x64,RGB,water_calm|water_directional,0,C02-C13;E-Water,assets/ember/vfx/water/,AI_ASSISTED_PIXEL_FINISH,低对比静态水纹两种；XY无缝；运动与扰动由Shader实现,NATIVE_PNG_RESOURCES_GODOT_VERIFIED
V02,ART_2D,LEARNING_SHARED,1,texture,64x64,RGBA,foam_strip,0,C05-C13;E-Water,assets/ember/vfx/water/,AI_ASSISTED_PIXEL_FINISH,断续泡沫条；左右可接；透明背景；岸线由Mask限制,NATIVE_PNG_RESOURCES_GODOT_VERIFIED
V03,ART_2D,LEARNING_SHARED,1,texture,64x64,RGBA,smoke_blob,0,C05-C13;E-Fire,assets/ember/vfx/smoke/,AI_ASSISTED_PIXEL_FINISH,简洁完整烟团；少量色阶；寿命漂移和强度由粒子及Shader控制,NATIVE_PNG_RESOURCES_GODOT_VERIFIED
X01,ART_3D,LEARNING_3D_RESERVE,1,texture,64x128,RGBA,grass_leaf,0,C15-C16,assets/ember/three_d/textures/grass/,AI_ASSISTED_PIXEL_FINISH,一簇可作草片的叶形；根部32/120；不画风摆和投影,NATIVE_PNG_RESOURCES_GODOT_VERIFIED
X02,ART_3D,LEARNING_3D_RESERVE,1,texture,256x256,RGB,metal_albedo,0,C14-C16,assets/ember/three_d/textures/metal/,AI_ASSISTED_PIXEL_FINISH,统一工业金属底色；XY平铺；无光照烘焙；PBR参数另派生,NATIVE_PNG_RESOURCES_GODOT_VERIFIED
X03,ART_3D,LEARNING_3D_RESERVE,1,texture,256x256,RGB,concrete_albedo,0,C14-C16,assets/ember/three_d/textures/concrete/,AI_ASSISTED_PIXEL_FINISH,克制的工业混凝土底色；XY平铺；无光照烘焙,NATIVE_PNG_RESOURCES_GODOT_VERIFIED
D01,TECH_BASE,LEARNING_SHARED,5,input,512x512;512x256,RGB,uv_grid|color_test|checkerboard|non_square_grid|straight_background,0,C01-C06,assets/ember/data/calibration/,PROCEDURAL_OR_DERIVED,从零生成校准资源；非方形为512x256；其余512x512,TECHNICAL_PNG_RESOURCES_GODOT_VERIFIED
D02,TECH_BASE,LEARNING_SHARED,2,input,256x1,RGB,grayscale_gradient|color_ramp,0,C03-C16,assets/ember/data/ramps/,PROCEDURAL_OR_DERIVED,线性灰阶与颜色Ramp；记录端点和色阶；可使用Godot渐变资源,TECHNICAL_PNG_RESOURCES_GODOT_VERIFIED
D03,TECH_BASE,LEARNING_SHARED,2,input,256x256,R,circle_mask|star_mask,0,C04-C08,assets/ember/data/masks/,PROCEDURAL_OR_DERIVED,圆形与星形数据Mask；黑0白1；条带及火焰包络可程序构造,TECHNICAL_PNG_RESOURCES_GODOT_VERIFIED
D04,TECH_BASE,LEARNING_SHARED,2,input,256x256,R,noise_low|noise_high,0,C05-C16,assets/ember/data/noise/,PROCEDURAL_OR_DERIVED,低频与高频Noise；固定种子；需要滚动时验证接缝,TECHNICAL_PNG_RESOURCES_GODOT_VERIFIED
D05,TECH_BASE,LEARNING_SHARED,1,input,128x128,RGBA,alpha_edge_test,0,C07,assets/ember/data/calibration/,PROCEDURAL_OR_DERIVED,包含细边与透明孔洞的专用轮廓测试图；不以普通美术代替,TECHNICAL_PNG_RESOURCES_GODOT_VERIFIED
D06,TECH_BASE,LEARNING_SHARED,2,input,256x256,R,radial_ramp|energy_stripe,0,C02-C16,assets/ember/data/energy/,PROCEDURAL_OR_DERIVED,径向权重和可平铺能量条纹；可直接用函数或Godot资源,TECHNICAL_PNG_RESOURCES_GODOT_VERIFIED
D07,TECH_BASE,LEARNING_SHARED,2,input,128x128,R;RGB,test_height|test_normal,0,C13-C14,assets/ember/data/calibration/,PROCEDURAL_OR_DERIVED,可解释的高度测试图与匹配法线；检查方向和凸凹,TECHNICAL_PNG_RESOURCES_GODOT_VERIFIED
D08,TECH_BASE,LEARNING_SHARED,10,input,MATCH_BASE,RGBA,station|console|pump|ventilator|cooler|relay|wall_lamp|floor_lamp|telepad|terminal_window,0,C04-C13,assets/ember/data/object_masks/,PROCEDURAL_OR_DERIVED,与十个底图对应；R变色G发光B扰动A轮廓；未用通道为0,TECHNICAL_PNG_RESOURCES_GODOT_VERIFIED
D09,TECH_BASE,LEARNING_SHARED,3,input,MATCH_BASE,RGB,station_normal|console_normal|floor_clean_normal,0,C13,assets/ember/data/normals/,PROCEDURAL_OR_DERIVED,依据新底图表面结构生成并校正；移动灯光验收；不是AI独立猜图,TECHNICAL_PNG_RESOURCES_GODOT_VERIFIED
D10,TECH_BASE,LEARNING_SHARED,4,input,16x16,RGBA,rain_line|water_drop|spark|dust_dot,0,C03-C13;E-Rain;E-Fire,assets/ember/vfx/particles/,PROCEDURAL_OR_DERIVED,四种简洁小粒子输入；雨线水滴火花和尘点；可手工或程序绘制,TECHNICAL_PNG_RESOURCES_GODOT_VERIFIED
D11,TECH_BASE,LEARNING_3D_RESERVE,6,input,256x256,RGB;R,metal_normal|metal_roughness|metal_metallic|concrete_normal|concrete_roughness|concrete_metallic,0,C14-C16,assets/ember/three_d/textures/,PROCEDURAL_OR_DERIVED,金属和混凝土各三项派生图；常量参数可省略实体PNG,TECHNICAL_PNG_RESOURCES_GODOT_VERIFIED
D12,TECH_BASE,LEARNING_3D_RESERVE,1,input,64x128,R,grass_height_weight,0,C15-C16,assets/ember/three_d/textures/grass/,PROCEDURAL_OR_DERIVED,根部0顶部1的风摆权重；可改用顶点色,TECHNICAL_PNG_RESOURCES_GODOT_VERIFIED
D13,TECH_LAYOUT_UPPER_BOUND,LAYOUT_DEPENDENT,30,max_mask,SCENE_DEPENDENT,R,10 screens x water|rain_allowed|heat_allowed,0,C04-C13,assets/ember/data/scene_masks/,LAYOUT_DERIVED,零到三十张布局预算；只生成实际存在的区域；岸线优先由水面派生,LAYOUT_DEPENDENT_NO_REGISTERED_REGIONS
R01,REFERENCE,REFERENCE_ONLY,1,board,1536x1024,RGB,style_and_scale_board,0,ALL,art-source/ember/references/full_native_scale_v003.png,REFERENCE_ONLY,新机器人采能站地块门及调色板的比例验收图；不计正式游戏单元,COMPLETE_NATIVE_SCALE_REVIEW
R02,REFERENCE,COMMERCIAL_RESERVE,4,board,1536x864,RGB,courtyard|pump_yard|thermal_yard|relay_core,0,C09-C13,art-source/ember/references/,REFERENCE_ONLY,四区域气氛与模块组合参考；不作为整张关卡背景,PLANNED
R03,REFERENCE,LEARNING_3D_RESERVE,1,board,1536x1024,RGB,beacon_3d_design,0,C14-C16,art-source/ember/references/,REFERENCE_ONLY,代理信标风机水泵的低模造型参考；不代替模型和UV,PLANNED
